{"message_ids": {"om_x100b6f19ac00f884c219dcd9d298dd5": 1778572846.3555956, "om_x100b6f1a7aba788cc10edca78ba1cf3": 1778574152.401375, "om_x100b6f1a748ca88cc4c3a92fba49719": 1778574245.0154321, "om_x100b6f74b635e0a0c429a880aa493ab": 1778651024.4122715, "om_x100b6f756bab7d14c224ed015c1c45b": 1778651735.2373827, "om_x100b6f75673334a0c268c613b10c79b": 1778651808.821984, "om_x100b6f75615f7ce0c2c255bf6e76b1e": 1778651897.9635773, "om_x100b6f757c06a4a0c24fb8344b73c8a": 1778651949.5600865, "om_x100b6f752b8ded0cc33364b133a81d2": 1778652756.970408, "om_x100b6f75366a40b8c3c50ef44cdd59c": 1778653067.3352394, "om_x100b6f75373dec94c264d43224b585a": 1778653087.8322878, "om_x100b6f75c6233cb0c371a3c8bb336d3": 1778653327.8074083, "om_x100b6f75d64bd480c36a00ffdb12d0f": 1778653577.2741084, "om_x100b6f75d0edcae0c228d682585f200": 1778653666.7711122, "om_x100b6f75fb4cb48cc3ae134938059ae": 1778654040.8779612, "om_x100b6f75f9274cbcc4cf80c01397169": 1778654079.428582, "om_x100b6f75f4d66d44c36faaaa3f83a28": 1778654114.6238422, "om_x100b6f758bf0e514c4c16656c259629": 1778654292.6649723, "om_x100b6f759d57fcacc229e0e3ea4c68e": 1778654522.6356485, "om_x100b6f7598b6dca8c343b38ea2909c7": 1778654568.5366037, "om_x100b6f76dd7680b8c2e6e2b4f491bb4": 1778657596.6348171, "om_x100b6f76d31d60b8c4c4756e4d9cd8b": 1778657758.0555396, "om_x100b6f722f7040a0c101a17d7ea6d2d": 1778673180.6228094, "om_x100b6f64aa8e4ca0c4a10dea7218227": 1778716228.9454353, "om_x100b6f64a2cbc534c3c0040a0a7ee49": 1778716353.1384094, "om_x100b6f654eaceca4c261b3103791037": 1778716678.7293353, "om_x100b6f66e96f64a4c2102cee3253123": 1778723451.194104, "om_x100b6f66f5dcb080c29c57081f786d5": 1778723762.0869918, "om_x100b6f66f3adb8acc3858fab38b84c9": 1778723798.9072437, "om_x100b6f67e92b2d00c45257adf8462ac": 1778727551.3906193, "om_x100b6f67fa3e1cacc24ac2557b2e859": 1778727760.1624715, "om_x100b6f67f2985d60c2ae619a4899c0a": 1778727878.1741319, "om_x100b6f6784243c88c4d962321d9f6b7": 1778728111.4244657, "om_x100b6f6785f43cacc3c58910f7c71be": 1778728116.5305266, "om_x100b6f67800cd960c104b5f5e995bfd": 1778728172.9850888, "om_x100b6f679f80b480c3dddf5efbaa548": 1778728213.7122424, "om_x100b6f6004850ca8c3826a08e05ece1": 1778730149.3088524, "om_x100b6f601ab40088c37d5a748e6f3b0": 1778730312.4907994, "om_x100b6f602f3ef920c22fb06639684de": 1778730528.2025702, "om_x100b6f60213354e8c361726551a0ec1": 1778730752.7810507, "om_x100b6f60ce67b4a4c4a399131116efd": 1778731019.5242836, "om_x100b6f60cd8fccb4c38c26616acac20": 1778731061.0418887, "om_x100b6f62e7ad4c24c43f18d79b1182a": 1778739863.0670056, "om_x100b6f63e4a6dc88c3b671c4e64db81": 1778743975.5709512, "om_x100b6f63f3b05888c290899eed06012": 1778744280.788609, "om_x100b6f638eb280b4c21ff2d3079146e": 1778744328.9221685, "om_x100b6f638e12e0e4c2153fb581c18f1": 1778744334.7140288, "om_x100b6f63899ec544c27127e26f98fc3": 1778744438.2118895, "om_x100b6f6383682480c2a4d0cf4dd7776": 1778744539.2863998, "om_x100b6f6397cc0cb8c2c3e37ab8f6b83": 1778744720.9781146, "om_x100b6f639062cc50c32aca11e43e138": 1778744811.8185408, "om_x100b6f63b8104ca4c4eadc43b8a9d57": 1778745198.8127728, "om_x100b6f6c478f24a0c244f841bcba4f6": 1778745492.9692059, "om_x100b6f6c5172ec8cc45ee06484d2e9d": 1778745852.8709111, "om_x100b6f6c6bc60090c360e969ddff5b6": 1778745937.6078837, "om_x100b6f6c78250d60c216888614ccad2": 1778746223.364397, "om_x100b6f6c08bbd098c498c7c11259cf4": 1778746472.3562331, "om_x100b6f6cf846e898c4eb65146e7b79e": 1778748265.5845568, "om_x100b6f6d560e7c8cc4907abf0b31b0a": 1778749837.1415942, "om_x100b6f6d6b73f970c3794feb705b592": 1778750044.921452, "om_x100b6f6d66281ca4c331f4b7e8d8186": 1778750095.161092, "om_x100b6f6d83d560b4c4918cfe56c741c": 1778752722.5177817, "om_x100b6f6ec1036cb4c107953389c651a": 1778755837.6842134, "om_x100b6f68638d40acc348c7ec7035015": 1778762452.781927, "om_x100b6f687eeaf884c2afca5437c8640": 1778762499.2839165, "om_x100b6f69f871a0a4c27c724e3f35bbb": 1778768748.4931233, "om_x100b6f6a5686e0b4c3cf07f349c141b": 1778770309.536587, "om_x100b6f516401a8b8c33a12a52d5b722": 1778799277.4463067, "om_x100b6f51634e80a4c4487c55756ee5b": 1778799320.944279, "om_x100b6f51fc61b4a0c2e9042768f1ce8": 1778801451.3935316, "om_x100b6f51f33f08a0c4ab28a6fe6c9a8": 1778801631.8553646, "om_x100b6f518cfe08acc435a99d0190e53": 1778801699.9160438, "om_x100b6f51804798b0c427988da3c35e7": 1778801897.3856084, "om_x100b6f5ce12850b4c4c91ba20128898": 1778813695.3116596, "om_x100b6f5d7693c4b4c35b09149c98f0e": 1778815878.9077156, "om_x100b6f5804218cacc2d0b3685a3e55c": 1778828464.2480788, "om_x100b6f58875664a8c374368efcc1b71": 1778830490.7097635, "om_x100b6f5881ccb4a0c36e71984a3044d": 1778830577.0447435, "om_x100b6f589d3cb088c4dfa31a2cd71ae": 1778830656.0742087, "om_x100b6f5898601484c344fdab0b67319": 1778830699.7623107, "om_x100b6f5af3af24c4c211c15630ac2b9": 1778838487.0857818, "om_x100b6f5b8438cca4c34604dc5bc878c": 1778842800.1445277, "om_x100b6f44f05374b0c38a6b880004b35": 1778846698.8236084, "om_x100b6f4489be60a0c310fd82cca3294": 1778846840.0665843, "om_x100b6f4621d69d34c2c9a221b499333": 1778853618.5088017, "om_x100b6f468a7c68b0c49fd8e0215a4dd": 1778854987.8533547, "om_x100b6f472a54a8acc332e37ca214f10": 1778857546.3315258, "om_x100b6f4e06fe3ca8c323fd636e18b37": 1778885763.8782368, "om_x100b6f4e03e8d4a8c33cd9016c54acd": 1778885842.9245658, "om_x100b6f4e1ec724a4c452f8cc24a6538": 1778885889.2691844, "om_x100b6f4f409210a0c2d7ab799ece775": 1778888934.6166458, "om_x100b6f4a2bd950a4c292c2aa50a670f": 1778902610.0244877, "om_x100b6fb659be04a8c330055c976f90b": 1778917751.980408, "om_x100b6fb6551c0ca4c337e18e634126d": 1778917821.8839126, "om_x100b6fb66f2760a0c21aea1aec1bd91": 1778917919.4868922, "om_x100b6fb3e5a1b0a4c4e69177d31dde1": 1778940599.466218, "om_x100b6fbb584794a0c4e332cf143cea2": 1778970985.2777503, "om_x100b6fbb6fb660a0c2ed6aef7ce7fe5": 1778971160.3953276, "om_x100b6fbb6aaccca8c2e6671d1e30499": 1778971206.70339, "om_x100b6fbb64893ca0c4406035f3f9990": 1778971300.9725132, "om_x100b6fbb638614a4c390e491570d876": 1778971349.4805355, "om_x100b6fbb0f450ca4c4e922ff0bd760b": 1778971673.1932645, "om_x100b6fbb269984a0c2689c10eafb48e": 1778972293.8712678, "om_x100b6fa49daae4acc29768f3374b1ec": 1778978103.2845407, "om_x100b6fa49591ccacc2dd6aeb40e7a71": 1778978230.461431, "om_x100b6fa113d400acc2ce232f952ee07": 1778996690.3852882, "om_x100b6fa190b64cacc4e5ab89759cb92": 1778998760.4335723, "om_x100b6f986a9d08bcb110b216bd48417": 1779089990.1268322, "om_x100b6f9864d95508c4a4671822570fd": 1779090082.258996, "om_x100b6f987b5d00a0c4490b8199a6e4d": 1779090265.892381, "om_x100b6f98710464b4b11b60ef0bc8921": 1779090429.6736612, "om_x100b6f980d0edce8b4c474db2806414": 1779090493.394011, "om_x100b6f9b134c60bcc42886b498039be": 1779103192.9195127, "om_x100b6f9b2fbd88b8c323696896615bb": 1779103255.8416653, "om_x100b6f9b29a9bca4c2e386d7b02766c": 1779103351.2574346, "om_x100b6f9bb5167890c3193ae486039c7": 1779105726.603966, "om_x100b6f8d2093eca0c3ab836681c9fc8": 1779144422.6700804, "om_x100b6f8d3b456ca4c21bbf8218354b4": 1779144537.2553895, "om_x100b6f8dcc8e0ca0c31e30a4ce7e144": 1779144740.9415154, "om_x100b6f8ddbe400a4c4c04ece175bfc4": 1779145043.2787406, "om_x100b6f8de253d074c29a2111d217211": 1779145418.6344433, "om_x100b6f8df48568a4c345dfe309f2ce1": 1779145637.2162385, "om_x100b6f8e5986a4acc317ce87b709b2c": 1779147125.4358704, "om_x100b6ff6c529ace4c43f4d13989cb11": 1779181759.187435, "om_x100b6ff6c0b8a480c4dca4ac4f44e5a": 1779181800.1148446, "om_x100b6ff6dc778c9cc34e57e845cdff2": 1779181868.6396651, "om_x100b6ff6d97372a4c270c90bf54e9de": 1779181948.7783122, "om_x100b6ff06fcadca0c3ba64ad5750954": 1779188241.556783, "om_x100b6ff0d5651ca8c3c7cf8ad4b0294": 1779190203.4617789, "om_x100b6ffbc22a58a0c29fa8f56d47d52": 1779235023.3065438, "om_x100b6ffbece2a0b4c24c7fc4586797e": 1779235363.787818, "om_x100b6ffbe5da98acb2158c268bed3cf": 1779235506.1465566, "om_x100b6ffbe0b0cca0b2139c5ddd77eb7": 1779235560.5524974, "om_x100b6fe22413b8acc43dbcc209f79fe": 1779263150.8712773, "om_x100b6fec2c020cb4c108d4386678cc5": 1779271214.1123464,