{
  "feishu:ou_bc58e2ce0d9d5487da0b95c092d5614c": 1776411172.935232,
  "feishu:ou_96f3a620af5c0496ed12058061eec70b": 1778573850.8387532,
  "_failures:feishu": 2
}