{"message_ids": {"om_x100b6e13a3414ca0c284db8b44d005b": 1779597017.5111916, "om_x100b6e13bb9970bcb1161ee0712e1fe": 1779597142.2087822, "om_x100b6e1c3581a8acb21905c69818d5d": 1779599285.57258, "om_x100b6e1d152964a8b28c9b0b67c0beb": 1779602879.032412, "om_x100b6e041a7d2ca0c3937b6c80496cd": 1779631435.8049006, "om_x100b6e04a71d30a8c3b1dad5158e085": 1779633821.7779498, "om_x100b6e0ca686b8a8c3b08e63d57de01": 1779666565.5236895, "om_x100b6e0808a1ac90c382696ed789dfb": 1779680359.628544, "om_x100b6e081de82cbcc447cab99214fab": 1779680563.2431772, "om_x100b6e081a47acacc4d44f3a424c1c7": 1779680585.5669503, "om_x100b6e08004550b0c4d0c204ffe2ace": 1779680809.179672, "om_x100b6e08c3add0a0c34e7209cf7e860": 1779681494.9305189, "om_x100b6e09532820acc450bf676864a92": 1779683807.0957055, "om_x100b6e0a49c19534c3adfdabcf65e01": 1779687537.5847716, "om_x100b6e0a054d2c90c4f25907ef96e73": 1779688632.950257, "om_x100b6e0a15b024b4c44b7c713b5d48e": 1779688888.841204, "om_x100b6e0ace89808cc285843a0d0547c": 1779689477.1444893}}