{"message_ids": {"om_x100b6e1c36f638a4b3d78cb84548ac4": 1779599236.4665105, "om_x100b6e1cc3386ca4c2124d323e8f5c3": 1779599584.1403778, "om_x100b6e1cd13b906cb29451423db8f65": 1779599872.134045, "om_x100b6e1cfede7ca8c22b41ecf89a2df": 1779600130.0019858, "om_x100b6e1cf2fb20a0b26cd01835b2887": 1779600324.230843, "om_x100b6e0dd44b9ca0c376ac175c9827c": 1779669417.1701756, "om_x100b6e0db3b6b8f0c27623f2b8533e2": 1779671000.6144934, "om_x100b6e0e5adef880c4d8e92cca8b158": 1779671362.144795, "om_x100b6e0e764e24acc4f855ca2c66b57": 1779671945.0461175, "om_x100b6e0fefe540e0c10a1ec7e22f3ab": 1779677715.414357}}