{
  "feishu:ou_bc58e2ce0d9d5487da0b95c092d5614c": 1776411172.935232,
  "_failures:feishu": 0,
  "_lockout:feishu": 1778577461.1800115
}