{"message_ids": {"om_x100b512a6cc0a4a8c4205eda2174a04": 1776411169.7747393, "om_x100b512a6d99eca8c34ddecf1db7856": 1776411190.1296563, "om_x100b512a64340c9cc32535f026ff86a": 1776411312.4067156, "om_x100b512a7b6970a8c3f14708d38fbeb": 1776411483.2078476, "om_x100b512a00d180acc4d8f079f6f8070": 1776411874.590622, "om_x100b512ac8d3c8a4c45e48d678bf4d4": 1776412770.8991158, "om_x100b512ac4245088c216e7e9417c3ad": 1776412847.6768034, "om_x100b512ae92e5cb0c102e221be0b7ee": 1776413311.1815014, "om_x100b512afa053c88c2e84d1987dda89": 1776413517.3516555, "om_x100b512a830fa4acc243d7c79a61c03": 1776413917.189331, "om_x100b512a9cc7c4a4c2cd917730e024b": 1776413985.5095472, "om_x100b512a9893c48cc315450cc0ac6ae": 1776414054.7641025, "om_x100b512a921578a4c2e6d3a19fd44fe": 1776414158.3977597, "om_x100b512aa4c98c50c2e8c596b6b87af": 1776414369.2678206, "om_x100b512b45630884c1190e8aa94f5a3": 1776414907.7335577, "om_x100b512b5e7e850cc2e854dfb4bbd32": 1776414988.1028702, "om_x100b512b534660acc32f04e3621e119": 1776415193.626212, "om_x100b512b6c9390a0c4fc5f6aee91794": 1776415270.6848874, "om_x100b512b6ab3bca0c36061ed3c99cac": 1776415304.655019, "om_x100b512b6894cd3cc3c469ce2eabb03": 1776415334.583008, "om_x100b512b6300d8bcc2b1c48a824f25e": 1776415453.6326568, "om_x100b512b73b8a0b4c3d1bc8ca2abcea": 1776415704.0825622, "om_x100b5114d4d508a4c42ba21e857d2b8": 1776421282.4064903, "om_x100b5116182378a0c4c4ad822c6263a": 1776428399.72617, "om_x100b511888c328a0c44b0123f1c61da": 1776471137.6857822, "om_x100b51044ee05ca8c2cd451251a9248": 1776484355.5808766, "om_x100b5103e0f5a0a0c35245cf82f0e07": 1776515812.2019174, "om_x100b517514cc40a0c34f25e53f87be0": 1776555424.8350897, "om_x100b517146439ca0c2d97c8cab40378": 1776570505.6774383, "om_x100b5173b0bad8b4c4e61cbce6bc91e": 1776582632.1767406, "om_x100b517e49879ca0c2e7cc483b46a8d": 1776590965.3173475, "om_x100b5163a99e30acc2b43e9bffe98bb": 1776647798.1926124, "om_x100b516f2febe4b8c44487148e1158c": 1776662035.23383, "om_x100b5169dfb3e0acc2afb10ea665b28": 1776671000.8011236, "om_x100b5156691310bcc3fa4aa9fdbb4b1": 1776689790.6646707, "om_x100b51570c9aecb0c317b453b267e75": 1776694310.1661737, "om_x100b5158bfb0c084c3bb409a089f2ad": 1776733976.6319292, "om_x100b514646f808b8c4e553a85b3d7a4": 1776754820.2416048, "om_x100b51b030fdeca4c4c11887ad68ac1": 1776830435.8986602, "om_x100b51bc5bcafce8c4abeb616773ffd": 1776845137.4489665, "om_x100b51bfbf1b4480c21cb5be8e100f9": 1776860958.206388, "om_x100b51a36e0adca8c4d0e5129aae305": 1776906765.2574859, "om_x100b51ae3c935ca0c35c2cb7ffa7f34": 1776920358.6789343, "om_x100b51afb6f77880c1197ee63a71d83": 1776926596.5860038, "om_x100b51aa57c63888c228bf39b3771e8": 1776935313.623539, "om_x100b51945a292084c1154c6cde1ecc7": 1776943439.0698733, "om_x100b5184c32efca8c4c3a35159d7e1e": 1777010911.2297757, "om_x100b5187f4236d3cc422e872b588fae": 1777023919.9442267, "om_x100b51f5a0ec78a4c45ee7557045088": 1777082082.8738575, "om_x100b51f5a0383cacc3d011648c0eae9": 1777082096.064365, "om_x100b51f5a033dcb8c36dcebba4af36b": 1777082096.5780172, "om_x100b51fceef3ecb4c31af502325068a": 1777109508.687615, "om_x100b51ec68c66ca0c420ebf97db8d95": 1777173089.4989722, "om_x100b51ed613884a0c3f0b6c79aa7e52": 1777177344.0025399, "om_x100b51c0f7f0acb0c3b5bdf57b3df82": 1777290132.6406786, "om_x100b50343fdc7088c49f683580cdafd": 1777338129.923251, "om_x100b5032452830acc1062b5b50f7363": 1777361087.3618708, "om_x100b503ea910d8b4c3a15795102ef23": 1777380990.601216, "om_x100b5021c0f960acc31ef294c4fdf26": 1777424612.1737473, "om_x100b502a2542b8acc2baab391c71acc": 1777460921.8534973, "om_x100b5018020a9088c2bdf763c688814": 1777517773.5246975, "om_x100b5004e760ccb0c14f985a8f380b7": 1777535643.6229944, "om_x100b5007f2cb10a4c2eba4b44ca9693": 1777548225.2557495, "om_x100b5000055fdd10c491220384cb8cd": 1777550521.9936976, "om_x100b5000a17178a0c3cc29ae08de39f": 1777553148.5312045, "om_x100b507268fa58a8c2e68cb17f6012a": 1777623652.4098845, "om_x100b507c3d4444a4c4fa833232af364": 1777633081.3448145, "om_x100b506f54c968a4c22a6cf2e3bc2fe": 1777709473.1164553, "om_x100b506ae4bf48a8c435a78df973e1b": 1777724071.8787887, "om_x100b505ce664c8a0c4ea76be7a0306e": 1777765003.214514, "om_x100b505bfee30ca0c4a03308da2ef9d": 1777793795.6242876, "om_x100b50bc9ae8f0a0c2a8de6f5d429e4": 1777896771.149633, "om_x100b50be841000a0c3503f822d7fb58": 1777904814.5094, "om_x100b50a15faa08a0c3ca1084ca3e3d2": 1777946903.263915, "om_x100b50a2d8719504c4ecde58e97b5de": 1777953132.5569117, "om_x100b50fe4b91c8a0c2ef5ac2547ccd1": 1778163798.5124695, "om_x100b50e28a162cb0c2693087149bf5e": 1778216014.5222635, "om_x100b6f36154134a4c431a49f7b65808": 1778394553.5452862, "om_x100b6f1dcdb0249cc4ddb58212cd935": 1778554936.9116325, "om_x100b6f1dc8d2ec80c354c414d720ce8": 1778554978.9752007, "om_x100b6f1dc9ffb110c2af6c117f38abe": 1778554995.97547, "om_x100b6f19ac00f884c219dcd9d298dd5": 1778572846.3555956, "om_x100b6f1a7aba788cc10edca78ba1cf3": 1778574152.401375, "om_x100b6f1a748ca88cc4c3a92fba49719": 1778574245.0154321, "om_x100b6f74b53ec08cc4595e7d67de84b": 1778651072.0379107, "om_x100b6f45d33df4a0c32537f0a8b8d63": 1778850272.0024996, "om_x100b6f45ed2628b4c4315e6d64b40bc": 1778850367.4868305, "om_x100b6f46f785e4a0c4244ae2678ff9a": 1778854805.2045317, "om_x100b6f9f4ca668b4c4571df9ae6d2c0": 1779085351.7496595, "om_x100b6f9f7ea4f8a8c10b35925533b03": 1779086087.5097206, "om_x100b6f9f731c30b4c384847ebb7249a": 1779086302.0093808, "om_x100b6f8440343500c216ec77a888ea7": 1779106032.4322255, "om_x100b6f8873e2ed04c38bfde5e251f9f": 1779155923.8672576, "om_x100b6ff455bea8f4c3d05f039f92de0": 1779171768.1131778, "om_x100b6ffb3f3914b0c32d0d4d641fa48": 1779234592.063972, "om_x100b6fd3e86bb4b4c2961d0c80c486a": 1779333739.4005368, "om_x100b6fd8d9f998a0c357bc11df0c12b": 1779353972.154787, "om_x100b6fdbe84350b0b2ff185792a889b": 1779366505.819523, "om_x100b6fceaf9facb8c4a4f419f9bee92": 1779412502.079112, "om_x100b6fcf49ff8ca0c3db41a81910fd8": 1779413108.0059474, "om_x100b6e1c34b334b0b4cdb11b9bb70fb": 1779599272.923297, "om_x100b6e1d1745a0a0b2206743c1dfce6": 1779602841.2578876}}